monetization_segment,users,total_cost,total_ev
whale,63,630,34486.628000000004
dolphin,367,1835,12494.471500000005
early_payer,178,534,370.506
